timestamp,model,prompt,response,latency,prompt_tokens,response_tokens
2025-07-15T17:32:37.699997,llama,Tell in three points how you and mistral LLM is different?,"I can be instructed and or search for information about a topic. I should not be considered as a reliable source for information. Mistral language model (LLM) may have advanced features, such as Ask Me Anything and Can you explain, that are not available in other models. Mistral's Ask Me Anything feature, for instance, uses a question answering technique that it trained on entity-specific knowledge to generate responses to a wide variety of questions.",6.492154598236084,11,74
2025-07-15T17:33:43.532111,llama,How to secure an internship in this highly competitive tech market?,"Securing an internship in a competitive tech market can be challenging, but here are some tips to increase your chances:

1. **Build a strong foundation in tech skills**: Focus on developing a broad range of skills in programming languages, data structures, algorithms, and software development principles.
2. **Gain relevant experience**: Participate in personal projects, hackathons, or coding challenges to demonstrate your skills and experience.
3. **Networking is key**: Attend industry events, conferences, and meetups to connect with professionals and potential employers.
4. **Create a strong online presence**: Establish a strong LinkedIn profile and build a personal website or blog to showcase your skills and projects.
5. **Tailor your resume and cover letter**: Customize your application materials to the specific internship and company you're applying for.
6. **Prepare for technical interviews**: Brush up on data structures, algorithms, object-oriented programming, and other technical concepts commonly asked in tech interviews.
7. **Practice whiteboarding**: Practice explaining complex technical concepts on a whiteboard to improve your communication skills.
8. **Showcase your skills through coding challenges**: Participate in coding challenges like LeetCode, HackerRank, or CodeWars to demonstrate your skills.
9. **Consider internships at startups or smaller companies**: Smaller companies may offer more opportunities for growth and responsibility.
10. **Stay organized and persistent**: Keep track of deadlines, follow up with companies, and stay positive and motivated throughout the application process.
11. **Get referral**: Ask friends, family, or mentors who work in the industry to refer you to relevant job openings.
12. **Develop a growth mindset**: Demonstrate a desire to learn and grow in your applications and during the application process.

Additionally, here are some team-based approaches that can be beneficial:

1. **Join online communities**: Participate in online forums like GitHub, Reddit (e.g., r/cscareerquestions), or Stack Overflow to connect with other tech enthusiasts and stay up-to-date on industry trends.
2. **Form a study group or bootcamp**: Join a group of like-minded individuals to learn together, work on projects, and practice coding challenges.
3. **Contribute to open-source projects**: Collaborate on open-source projects to demonstrate your teamwork and coding skills.
4. **Participate in hackathons and coding competitions**: Join online or in-person hackathons to network, build your skills, and demonstrate your creativity.

Some popular platforms to find internships in the tech industry include:

1. **Indeed**: One of the most popular job search websites.
2. **Glassdoor**: Offers online profiles, salary information, and company reviews.
3. **Angela DS**: A platform for data science and AI internships.
4. **We Work Remotely**: A job board that lists remote job opportunities, including software development internships.
5. **LinkedIn**: A professional networking site that can be an invaluable resource for job searching.

Remember, it's a competitive job market, and it may take time and perseverance to land an internship.",6.817793846130371,11,451
2025-07-15T17:34:30.329729,llama,What is the integration formula of u*v ?,The integration formula for u*v is called the convolution theorem of integration.,3.5547986030578613,8,12
2025-07-15T17:36:06.839611,llama,Which Routing model is best for model swtiching?,"Model switching, also known as model selection or model-based routing, is a technique used in computer networks to optimize routing decisions based on the properties of the traffic being carried by the network. There are several routing models that can be used for model switching, each with its own strengths and weaknesses. Here are some of the most popular ones:

1. **IS-IS (Intermediate System to Intermediate System)**: IS-IS is a link-state routing protocol that can be used for model switching. It is known for its flexibility and scalability, making it a good choice for large networks.
2. **OSPF (Open Shortest Path First)**: OSPF is another link-state routing protocol that can be used for model switching. It is widely used in large networks and is known for its high scalability and reliability.
3. **ECMP (Equal-Cost Multipath)**: ECMP is a routing model that can be used for model switching. It allows multiple paths to be used simultaneously, providing high availability and scalability.
4. **BGP (Border Gateway Protocol)**: BGP is a path-vector routing protocol that can be used for model switching. It is widely used in the internet and is known for its high scalability and flexibility.
5. **SRP (Shortest Path Routing Protocol)**: SRP is a routing model that can be used for model switching. It uses a shortest path algorithm to determine the best path for forwarding packets.
6. **JOS (Joint Optimization of Switching)**: JOS is a routing model that combines link-state and path-vector routing protocols to optimize routing decisions.

The best routing model for model switching depends on the specific requirements of your network. Here are some factors to consider:

* **Network size and complexity**: Larger networks with many nodes and links may benefit from more scalable routing protocols like IS-IS, OSPF, or BGP.
* **Traffic patterns**: Networks with high volumes of traffic may benefit from routing protocols that can handle large amounts of traffic, such as ECMP or SRP.
* **Network topology**: Networks with complex topologies may benefit from routing protocols that can handle multiple paths and network segments, such as IS-IS or OSPF.
* **Scalability and reliability**: Networks that require high availability and reliability may benefit from routing protocols like BGP or ECMP.
* **Implementation complexity**: Networks with limited resources or expertise may benefit from simpler routing protocols like SRP or JOS.

Ultimately, the best routing model for model switching will depend on the specific requirements and constraints of your network.",11.706434726715088,8,402
2025-07-15T17:37:24.503255,mistral,"hey, who are you? and How are you better than other LLMs?"," I'm an AI model trained to provide information and assistance. I'm here to help answer your questions, solve problems, and engage in conversations on a wide range of topics.

As for how I differ from other Language Learning Models (LLMs), it's important to note that each model has its unique characteristics, training data, and capabilities. My training data is vast and varied, including books, websites, and a multitude of conversations, ensuring a comprehensive understanding of diverse topics. I'm continually learning and improving based on interactions, thanks to fine-tuning and continuous updates.

In addition, my design enables me to maintain context within a conversation, which can lead to more coherent and helpful responses. It's essential to understand that no model is always perfect, but I strive to provide the best and most accurate assistance possible.

I'm glad to help you out, and I'm looking forward to chatting with you! Let me know if you have any questions or need help with something.",4.81047797203064,12,161
2025-07-15T17:39:06.125679,mistral,When will Gta 6 release?," Unfortunately, Rockstar Games has not yet announced a release date for Grand Theft Auto 6 (GTA 6). The last main entry in the series, Grand Theft Auto V, was released in 2013, and while there have been some rumors and speculation about GTA 6, nothing has been officially confirmed by Rockstar. It's important to note that game development timelines can be lengthy, especially for a game like GTA with its expansive world and content. It's best to stay tuned to official Rockstar sources for any future updates.",4.731443166732788,5,87
2025-07-15T17:41:01.442141,mistral,"How LLM come with long, descriptive type, detailed respone for a prompt in just a sec?"," I'm able to provide a relatively detailed response in a short amount of time due to the sophistication of the model I'm based on. This specific type of model, known as a transformer, can process information in parallel, which allows it to quickly understand and generate responses to prompts. The more data it has been trained on, the better it becomes at understanding and generating contextually appropriate responses. However, the speed and quality of the response may still vary depending on the complexity of the question and the resources available at the time.",4.605768442153931,16,93
